{
  "books": [
    {
      "First_Name": "Ankur",
      "Last_Name": "Kumar",
      "email_id": "ankurs632@gmail.com",
      "password": "safdasfd vqwe f",
      "Re_password": " wfewfq feq fq",
      "Pincode": "560066",
      "Date_of_Birth": "2019-08-09",
      "countySel": "India",
      "stateSel": "Delhi",
      "districtSel": "new Delhi",
      "id": 1
    },
    {
      "First_Name": "Ankur",
      "Last_Name": "Kumar",
      "email_id": "ankur@gmail.com",
      "password": "hjakshdjksha sdas",
      "Re_password": "jhGAD HUAHK H",
      "Pincode": "126656",
      "Date_of_Birth": "2019-08-12",
      "countySel": "India",
      "stateSel": "Goa",
      "districtSel": "North Goa",
      "Adress": " A SFA  GJ  L JKJ BO JKLJK ",
      "id": 2
    },
    {
      "First_Name": "aMAN",
      "Last_Name": "Kumar",
      "email_id": "ankur@gmail.com",
      "password": "hjakshdjksha sdas",
      "Re_password": "jhGAD HUAHK H",
      "Pincode": "126656",
      "Date_of_Birth": "2019-08-12",
      "countySel": "India",
      "stateSel": "Goa",
      "districtSel": "North Goa",
      "Adress": " A SFA  GJ  L JKJ BO JKLJK ",
      "id": 3
    },
    {
      "id": 4
    },
    {
      "First_Name": "Ankudfdfr",
      "Last_Name": "Kumar",
      "email_id": "ankur@gmail.com",
      "password": "Aman12345678@",
      "Re_password": "Aman12345678@",
      "Pincode": "560066",
      "Date_of_Birth": "2019-08-14",
      "countySel": "Australia",
      "stateSel": "South Australia",
      "districtSel": "Dunstan",
      "id": 5
    },
    {
      "First_Name": "New Data Testing",
      "Last_Name": "dfdfdf",
      "email_id": "ankurs632@gmail.com",
      "password": " ",
      "Re_password": "Aman@123",
      "Pincode": "560066",
      "Date_of_Birth": "2019-08-21",
      "countySel": "India",
      "stateSel": "Kerala",
      "districtSel": "Palakkad",
      "Adress": " dasfdasf",
      "id": 6
    }
  ]
}